"DESCRIPTION","DURATION IN MS","NAME","PARENT SUITE","START TIME","STATUS","STOP TIME","SUB SUITE","SUITE","TEST CLASS","TEST METHOD"
"","38597","Select One Product Under Phones","chromium","2026-05-31","passed","2026-05-31","Add to Cart Suite","demoProjectAddtoCart.spec.js","",""
"","38074","Select One Product Under Monitors","chromium","2026-05-31","passed","2026-05-31","Add to Cart Suite","demoProjectAddtoCart.spec.js","",""
"","12724","Demoproject Signup submission","chromium","2026-05-31","passed","2026-05-31","Signup Suite","demoProjectSignup.spec.js","",""
"","15704","Login using Invalid Username and Invalid Password","chromium","2026-05-31","passed","2026-05-31","Login Suite","demoProjectLogin.spec.js","",""
"","12856","Logout","chromium","2026-05-31","passed","2026-05-31","","demoProjectLogout.spec.js","",""
"","15473","Login using Invalid Username and Valid Password","chromium","2026-05-31","passed","2026-05-31","Login Suite","demoProjectLogin.spec.js","",""
"","18538","Login using valid Credentials","chromium","2026-05-31","passed","2026-05-31","Login Suite","demoProjectLogin.spec.js","",""
"","18181","Select One Product","chromium","2026-05-31","passed","2026-05-31","Add to Cart Suite","demoProjectAddtoCart.spec.js","",""
"","15883","Login using Valid Username and Invalid Password","chromium","2026-05-31","passed","2026-05-31","Login Suite","demoProjectLogin.spec.js","",""
